date,Default,Late,In Grace Period
2017-11-13,0.0,0.0,0.0
2017-11-14,0.0,0.0,0.0
2017-11-15,0.0,0.0,0.0
2017-11-16,0.0,0.0,0.0
2017-11-17,0.0,0.0,0.0
2017-11-18,0.0,0.0,0.0
2017-11-19,0.0,0.0,0.0
2017-11-20,0.0,0.0,0.0
2017-11-21,0.0,0.0,0.0
2017-11-22,0.0,0.0,0.0
2017-11-23,0.0,0.0,0.0
2017-11-24,0.0,0.0,0.0
2017-11-25,0.0,0.0,0.0
2017-11-26,0.0,0.0,0.0
2017-11-27,0.0,0.0,0.0
2017-11-28,0.0,0.0,0.0
2017-11-29,0.0,0.0,0.0
2017-11-30,0.0,0.0,0.0
2017-12-01,0.0,0.0,0.0
2017-12-02,0.0,0.0,0.0
2017-12-03,0.0,0.0,0.0
2017-12-04,0.0,0.0,0.0
2017-12-05,0.0,0.0,0.0
2017-12-06,0.0,0.0,0.0
2017-12-07,0.0,0.0,0.0
2017-12-08,0.0,0.0,0.0
2017-12-09,0.0,0.0,0.0
2017-12-10,0.0,0.0,0.0
2017-12-11,0.0,0.0,0.0
2017-12-12,0.0,0.0,0.0
2017-12-13,0.0,0.0,0.0
2017-12-14,0.0,0.0,0.0
2017-12-15,0.0,0.0,0.0
2017-12-16,0.0,0.0,0.0
2017-12-17,0.0,0.0,0.0
2017-12-18,0.0,0.0,0.0
2017-12-19,0.0,0.0,0.0
2017-12-20,0.0,0.0,0.0
2017-12-21,0.0,0.0,0.0
2017-12-22,0.0,0.0,0.0
2017-12-23,0.0,0.0,0.0
2017-12-24,0.0,0.0,0.0
2017-12-25,0.0,0.0,0.0
2017-12-26,0.0,0.0,0.0
2017-12-27,0.0,0.0,0.0
2017-12-28,0.0,0.0,0.0
2017-12-29,0.0,0.0,0.0
2017-12-30,0.0,0.0,0.0
2017-12-31,0.0,0.0,0.0
2018-01-01,0.0,0.0,0.0
2018-01-02,0.0,0.0,0.0
2018-01-03,0.0,0.0,0.0
2018-01-04,0.0,0.0,0.0
2018-01-05,0.0,0.0,0.0
2018-01-06,0.0,0.0,0.0
2018-01-07,0.0,0.0,0.0
2018-01-08,0.0,0.0,0.0
2018-01-09,0.0,0.0,0.0
2018-01-10,0.0,0.0,0.0
2018-01-11,0.0,0.0,0.0
2018-01-12,0.0,0.0,0.0
2018-01-13,0.0,0.0,0.0
2018-01-14,0.0,0.0,0.0
2018-01-15,0.0,0.0,0.0
2018-01-16,0.0,0.0,0.0
2018-01-17,0.0,0.0,0.0
2018-01-18,0.0,0.0,0.0
2018-01-19,0.0,0.0,0.0
2018-01-20,0.0,0.0,0.0
2018-01-21,0.0,0.0,0.0
2018-01-22,0.0,0.0,0.0
2018-01-23,0.0,0.0,0.0
2018-01-24,0.0,0.0,0.0
2018-01-25,0.0,0.0,0.0
2018-01-26,0.0,0.0,0.0
2018-01-27,0.0,0.0,0.0
2018-01-28,0.0,0.0,0.0
2018-01-29,0.0,0.0,0.0
2018-01-30,0.0,0.0,0.0
2018-01-31,0.0,0.0,0.0
2018-02-01,0.0,0.0,0.0
2018-02-02,0.0,0.0,0.0192307692308
2018-02-03,0.0,0.0,0.0185185185185
2018-02-04,0.0,0.0,0.0185185185185
2018-02-05,0.0,0.0,0.0188679245283
2018-02-06,0.0,0.0,0.0188679245283
2018-02-07,0.0,0.0,0.0178571428571
2018-02-08,0.0,0.0,0.0172413793103
2018-02-09,0.0,0.0,0.015625
2018-02-10,0.0,0.0,0.015625
2018-02-11,0.0,0.0,0.015625
2018-02-12,0.0,0.0,0.015625
2018-02-13,0.0,0.0,0.015625
2018-02-14,0.0,0.015625,0.0
2018-02-15,0.0,0.0153846153846,0.0
2018-02-16,0.0,0.0153846153846,0.0153846153846
2018-02-17,0.0,0.0153846153846,0.0153846153846
2018-02-18,0.0,0.0151515151515,0.0151515151515
2018-02-19,0.0,0.0149253731343,0.0149253731343
2018-02-20,0.0,0.0144927536232,0.0144927536232
2018-02-21,0.0,0.0147058823529,0.0147058823529
2018-02-22,0.0,0.0138888888889,0.0
2018-02-23,0.0,0.013698630137,0.0
2018-02-24,0.0,0.0131578947368,0.0
2018-02-25,0.0,0.0131578947368,0.0
2018-02-26,0.0,0.0133333333333,0.0266666666667
2018-02-27,0.0,0.0133333333333,0.0266666666667
2018-02-28,0.0,0.0128205128205,0.025641025641
2018-03-01,0.0,0.0128205128205,0.025641025641
2018-03-02,0.0,0.0128205128205,0.025641025641
2018-03-03,0.0,0.0128205128205,0.025641025641
2018-03-04,0.0,0.0128205128205,0.025641025641
2018-03-05,0.0,0.0126582278481,0.0253164556962
2018-03-06,0.0,0.0126582278481,0.0253164556962
2018-03-07,0.0,0.0125,0.025
2018-03-08,0.0,0.0240963855422,0.0120481927711
2018-03-09,0.0,0.0235294117647,0.0
2018-03-10,0.0,0.0235294117647,0.0
2018-03-11,0.0,0.0235294117647,0.0
2018-03-12,0.0,0.0227272727273,0.0
2018-03-13,0.0,0.0229885057471,0.0
2018-03-14,0.0,0.0227272727273,0.0
2018-03-15,0.0,0.0224719101124,0.0
2018-03-16,0.0,0.021978021978,0.010989010989
2018-03-17,0.0,0.021978021978,0.010989010989
2018-03-18,0.0,0.021978021978,0.010989010989
2018-03-19,0.0,0.0222222222222,0.0111111111111
2018-03-20,0.0,0.021978021978,0.010989010989
2018-03-21,0.0,0.0217391304348,0.0217391304348
2018-03-22,0.0,0.0215053763441,0.0215053763441
2018-03-23,0.0,0.0217391304348,0.0326086956522
2018-03-24,0.0,0.0217391304348,0.0326086956522
2018-03-25,0.0,0.0217391304348,0.0326086956522
2018-03-26,0.0,0.02,0.03
2018-03-27,0.0,0.019801980198,0.029702970297
2018-03-28,0.0,0.0196078431373,0.0294117647059
2018-03-29,0.0,0.0194174757282,0.0194174757282
2018-03-30,0.0,0.0192307692308,0.00961538461538
2018-03-31,0.0,0.0192307692308,0.00961538461538
2018-04-01,0.0,0.0190476190476,0.00952380952381
2018-04-02,0.0,0.0277777777778,0.0
2018-04-03,0.0,0.0280373831776,0.0
2018-04-04,0.0,0.0280373831776,0.0
2018-04-05,0.0,0.0277777777778,0.0
2018-04-06,0.0,0.0272727272727,0.0
2018-04-07,0.0,0.027027027027,0.0
2018-04-08,0.0,0.0263157894737,0.0
2018-04-09,0.0,0.025641025641,0.0
2018-04-10,0.0,0.0260869565217,0.0
2018-04-11,0.0,0.0258620689655,0.0
2018-04-12,0.0,0.025641025641,0.0
2018-04-13,0.0,0.0254237288136,0.00847457627119
2018-04-14,0.0,0.0254237288136,0.00847457627119
2018-04-15,0.0,0.0254237288136,0.00847457627119
2018-04-16,0.0,0.0254237288136,0.00847457627119
2018-04-17,0.0,0.025,0.0166666666667
2018-04-18,0.0,0.0245901639344,0.016393442623
2018-04-19,0.0,0.024,0.016
2018-04-20,0.0,0.0245901639344,0.016393442623
2018-04-21,0.0,0.0245901639344,0.016393442623
2018-04-22,0.0,0.024,0.016
2018-04-23,0.0,0.0307692307692,0.00769230769231
2018-04-24,0.0,0.031007751938,0.0077519379845
2018-04-25,0.0,0.031007751938,0.0077519379845
2018-04-26,0.0,0.0298507462687,0.00746268656716
2018-04-27,0.0,0.037037037037,0.0148148148148
2018-04-28,0.0,0.036496350365,0.014598540146
2018-04-29,0.0,0.036231884058,0.0144927536232
2018-04-30,0.0,0.036496350365,0.014598540146
2018-05-01,0.0,0.036231884058,0.0144927536232
2018-05-02,0.0,0.0283687943262,0.0141843971631
2018-05-03,0.0,0.0285714285714,0.0142857142857
2018-05-04,0.0,0.0283687943262,0.0212765957447
2018-05-05,0.0,0.0283687943262,0.0212765957447
2018-05-06,0.0,0.0281690140845,0.0211267605634
2018-05-07,0.0,0.0275862068966,0.0206896551724
2018-05-08,0.0,0.0422535211268,0.00704225352113
2018-05-09,0.0,0.0413793103448,0.00689655172414
2018-05-10,0.0,0.0408163265306,0.00680272108844
2018-05-11,0.0,0.0405405405405,0.00675675675676
2018-05-12,0.0,0.0405405405405,0.00675675675676
2018-05-13,0.0,0.0405405405405,0.00675675675676
2018-05-14,0.0,0.0472972972973,0.00675675675676
2018-05-15,0.0,0.0469798657718,0.00671140939597
2018-05-16,0.0,0.0454545454545,0.00649350649351
2018-05-17,0.0,0.0454545454545,0.012987012987
2018-05-18,0.0,0.0451612903226,0.0129032258065
2018-05-19,0.0,0.0448717948718,0.0128205128205
2018-05-20,0.0,0.0448717948718,0.0128205128205
2018-05-21,0.0,0.0451612903226,0.0129032258065
2018-05-22,0.0,0.0448717948718,0.0128205128205
2018-05-23,0.0,0.0429447852761,0.0122699386503
2018-05-24,0.0,0.0490797546012,0.00613496932515
2018-05-25,0.0,0.0490797546012,0.00613496932515
2018-05-26,0.0,0.0487804878049,0.00609756097561
2018-05-27,0.0,0.0548780487805,0.0
2018-05-28,0.0,0.0548780487805,0.0
2018-05-29,0.00609756097561,0.0487804878049,0.0
2018-05-30,0.0059880239521,0.0479041916168,0.0119760479042
2018-05-31,0.00591715976331,0.0473372781065,0.0118343195266
2018-06-01,0.00578034682081,0.0404624277457,0.0115606936416
2018-06-02,0.00578034682081,0.0404624277457,0.0115606936416
2018-06-03,0.00571428571429,0.04,0.0114285714286
2018-06-04,0.00571428571429,0.04,0.0114285714286
2018-06-05,0.00578034682081,0.0404624277457,0.0173410404624
2018-06-06,0.00571428571429,0.04,0.0171428571429
2018-06-07,0.00564971751412,0.0395480225989,0.0169491525424
2018-06-08,0.00574712643678,0.051724137931,0.0114942528736
2018-06-09,0.00561797752809,0.0505617977528,0.0112359550562
2018-06-10,0.00558659217877,0.0502793296089,0.0111731843575
2018-06-11,0.00558659217877,0.0502793296089,0.0111731843575
2018-06-12,0.00558659217877,0.0502793296089,0.0111731843575
2018-06-13,0.00558659217877,0.0502793296089,0.0111731843575
2018-06-14,0.00555555555556,0.05,0.0111111111111
2018-06-15,0.00540540540541,0.0486486486486,0.0162162162162
2018-06-16,0.00540540540541,0.0486486486486,0.0162162162162
2018-06-17,0.00537634408602,0.0483870967742,0.0161290322581
2018-06-18,0.00537634408602,0.0483870967742,0.010752688172
2018-06-19,0.00534759358289,0.048128342246,0.00534759358289
2018-06-20,0.0106951871658,0.0427807486631,0.00534759358289
2018-06-21,0.0104712041885,0.0418848167539,0.00523560209424
2018-06-22,0.0103626943005,0.0414507772021,0.00518134715026
2018-06-23,0.0102564102564,0.0410256410256,0.00512820512821
2018-06-24,0.0102040816327,0.0408163265306,0.00510204081633
2018-06-25,0.0102564102564,0.0410256410256,0.00512820512821
2018-06-26,0.0103092783505,0.0412371134021,0.00515463917526
2018-06-27,0.0102564102564,0.0410256410256,0.00512820512821
2018-06-28,0.0102564102564,0.0410256410256,0.00512820512821
2018-06-29,0.0151515151515,0.0353535353535,0.0
2018-06-30,0.015,0.035,0.0
2018-07-01,0.015,0.035,0.0
2018-07-02,0.015,0.035,0.0
2018-07-03,0.015,0.035,0.0
2018-07-04,0.0147783251232,0.0344827586207,0.0
2018-07-05,0.0147058823529,0.0343137254902,0.00490196078431
2018-07-06,0.0145631067961,0.0339805825243,0.00485436893204
2018-07-07,0.0145631067961,0.0339805825243,0.00485436893204
2018-07-08,0.0144230769231,0.0336538461538,0.00480769230769
2018-07-09,0.0144230769231,0.0336538461538,0.00961538461538
2018-07-10,0.0144230769231,0.0336538461538,0.00961538461538
2018-07-11,0.0141509433962,0.0330188679245,0.00943396226415
2018-07-12,0.0140845070423,0.0328638497653,0.0093896713615
2018-07-13,0.0139534883721,0.0325581395349,0.0093023255814
2018-07-14,0.0139534883721,0.0325581395349,0.0093023255814
2018-07-15,0.0138888888889,0.0324074074074,0.00925925925926
2018-07-16,0.0138888888889,0.0324074074074,0.00925925925926
2018-07-17,0.0184331797235,0.0276497695853,0.0138248847926
2018-07-18,0.0180995475113,0.0316742081448,0.00452488687783
2018-07-19,0.0179372197309,0.0313901345291,0.00448430493274
2018-07-20,0.0179372197309,0.0313901345291,0.00896860986547
2018-07-21,0.0178571428571,0.03125,0.00892857142857
2018-07-22,0.0177777777778,0.0311111111111,0.00888888888889
2018-07-23,0.0178571428571,0.03125,0.00892857142857
2018-07-24,0.0178571428571,0.03125,0.0133928571429
2018-07-25,0.0173913043478,0.0304347826087,0.0130434782609
2018-07-26,0.0173913043478,0.0304347826087,0.0130434782609
2018-07-27,0.0171673819742,0.0300429184549,0.0128755364807
2018-07-28,0.017094017094,0.0299145299145,0.0128205128205
2018-07-29,0.017094017094,0.0299145299145,0.0128205128205
2018-07-30,0.0171673819742,0.0300429184549,0.0128755364807
2018-07-31,0.0171673819742,0.0343347639485,0.00429184549356
2018-08-01,0.017094017094,0.034188034188,0.00854700854701
2018-08-02,0.0168776371308,0.0337552742616,0.0084388185654
2018-08-03,0.0170212765957,0.0340425531915,0.0127659574468
2018-08-04,0.0170212765957,0.0340425531915,0.0127659574468
2018-08-05,0.0169491525424,0.0338983050847,0.0127118644068
2018-08-06,0.0168067226891,0.0336134453782,0.0126050420168
2018-08-07,0.0209205020921,0.0292887029289,0.0125523012552
2018-08-08,0.0210084033613,0.0294117647059,0.0168067226891
2018-08-09,0.0210084033613,0.0294117647059,0.0168067226891
2018-08-10,0.0204918032787,0.0286885245902,0.016393442623
2018-08-11,0.0204918032787,0.0286885245902,0.016393442623
2018-08-12,0.0204081632653,0.0285714285714,0.0163265306122
2018-08-13,0.020325203252,0.0284552845528,0.0162601626016
2018-08-14,0.020325203252,0.0284552845528,0.0162601626016
2018-08-15,0.020325203252,0.0284552845528,0.0162601626016
2018-08-16,0.0201612903226,0.0282258064516,0.0161290322581
2018-08-17,0.0200803212851,0.0281124497992,0.0160642570281
2018-08-18,0.02,0.028,0.016
2018-08-19,0.0198412698413,0.0277777777778,0.015873015873
2018-08-20,0.0197628458498,0.0276679841897,0.0158102766798
2018-08-21,0.0197628458498,0.0276679841897,0.0158102766798
2018-08-22,0.0197628458498,0.0276679841897,0.0158102766798
2018-08-23,0.0196078431373,0.0274509803922,0.0156862745098
2018-08-24,0.0194552529183,0.0272373540856,0.0155642023346
2018-08-25,0.019305019305,0.027027027027,0.015444015444
2018-08-26,0.019305019305,0.027027027027,0.015444015444
2018-08-27,0.0192307692308,0.0269230769231,0.0153846153846
2018-08-28,0.0192307692308,0.0269230769231,0.0153846153846
2018-08-29,0.0192307692308,0.0269230769231,0.0153846153846
2018-08-30,0.0190839694656,0.0267175572519,0.0152671755725
2018-08-31,0.0267175572519,0.0190839694656,0.0152671755725
2018-09-01,0.0265151515152,0.0189393939394,0.0151515151515
2018-09-02,0.0265151515152,0.0227272727273,0.0113636363636
2018-09-03,0.0263157894737,0.0225563909774,0.0112781954887
2018-09-04,0.0263157894737,0.0225563909774,0.0112781954887
2018-09-05,0.0263157894737,0.0225563909774,0.0112781954887
2018-09-06,0.0261194029851,0.0223880597015,0.0111940298507
2018-09-07,0.0261194029851,0.0223880597015,0.0111940298507
2018-09-08,0.0257352941176,0.0220588235294,0.0110294117647
2018-09-09,0.025641025641,0.021978021978,0.010989010989
2018-09-10,0.025641025641,0.021978021978,0.010989010989
2018-09-11,0.025641025641,0.021978021978,0.010989010989
2018-09-12,0.025641025641,0.021978021978,0.010989010989
2018-09-13,0.0255474452555,0.021897810219,0.0109489051095
2018-09-14,0.0255474452555,0.021897810219,0.0109489051095
2018-09-15,0.0252707581227,0.0216606498195,0.0108303249097
2018-09-16,0.0251798561151,0.0215827338129,0.0107913669065
2018-09-17,0.0286738351254,0.0179211469534,0.00716845878136
2018-09-18,0.0286738351254,0.0179211469534,0.00716845878136
2018-09-19,0.0286738351254,0.0179211469534,0.00716845878136
2018-09-20,0.0284697508897,0.017793594306,0.00711743772242
2018-09-21,0.0284697508897,0.017793594306,0.00711743772242
2018-09-22,0.0280701754386,0.0175438596491,0.00701754385965
2018-09-23,0.0277777777778,0.0173611111111,0.00694444444444
2018-09-24,0.0277777777778,0.0173611111111,0.00694444444444
2018-09-25,0.0277777777778,0.0173611111111,0.00694444444444
2018-09-26,0.0277777777778,0.0208333333333,0.00694444444444
2018-09-27,0.0275862068966,0.0241379310345,0.00689655172414
2018-09-28,0.0343642611684,0.020618556701,0.00687285223368
2018-09-29,0.0341296928328,0.0238907849829,0.00682593856655
2018-09-30,0.0340136054422,0.0238095238095,0.00680272108844
2018-10-01,0.0340136054422,0.0238095238095,0.00680272108844
2018-10-02,0.0340136054422,0.0238095238095,0.00680272108844
2018-10-03,0.0338983050847,0.0237288135593,0.00677966101695
2018-10-04,0.03367003367,0.023569023569,0.00673400673401
2018-10-05,0.0335570469799,0.0234899328859,0.00671140939597
2018-10-06,0.0335570469799,0.0234899328859,0.00671140939597
2018-10-07,0.0333333333333,0.0233333333333,0.00666666666667
2018-10-08,0.0333333333333,0.0266666666667,0.00666666666667
2018-10-09,0.0331125827815,0.0264900662252,0.00993377483444
2018-10-10,0.0331125827815,0.0264900662252,0.00993377483444
2018-10-11,0.0325732899023,0.0260586319218,0.00977198697068
2018-10-12,0.0323624595469,0.0258899676375,0.00970873786408
2018-10-13,0.0322580645161,0.0258064516129,0.00967741935484
2018-10-14,0.0322580645161,0.0258064516129,0.00967741935484
2018-10-15,0.0322580645161,0.0258064516129,0.00967741935484
2018-10-16,0.0322580645161,0.0258064516129,0.00967741935484
2018-10-17,0.0319488817891,0.0255591054313,0.00958466453674
2018-10-18,0.031746031746,0.0253968253968,0.00952380952381
2018-10-19,0.031746031746,0.0253968253968,0.00952380952381
2018-10-20,0.0316455696203,0.0253164556962,0.00949367088608
2018-10-21,0.0316455696203,0.0253164556962,0.00949367088608
2018-10-22,0.0316455696203,0.0253164556962,0.00949367088608
2018-10-23,0.0315457413249,0.0252365930599,0.00946372239748
2018-10-24,0.0314465408805,0.0251572327044,0.00943396226415
2018-10-25,0.03125,0.025,0.009375
2018-10-26,0.0310559006211,0.0248447204969,0.00931677018634
2018-10-27,0.0310559006211,0.0248447204969,0.00931677018634
2018-10-28,0.030959752322,0.0278637770898,0.0061919504644
2018-10-29,0.030959752322,0.0278637770898,0.0061919504644
2018-10-30,0.0308641975309,0.0277777777778,0.00617283950617
2018-10-31,0.0308641975309,0.0277777777778,0.00617283950617
2018-11-01,0.030487804878,0.0274390243902,0.00609756097561
2018-11-02,0.0303951367781,0.0273556231003,0.00607902735562
2018-11-03,0.0303951367781,0.0273556231003,0.00607902735562
2018-11-04,0.0303951367781,0.0273556231003,0.00607902735562
2018-11-05,0.030303030303,0.0272727272727,0.00606060606061
2018-11-06,0.030303030303,0.0272727272727,0.00606060606061
2018-11-07,0.030303030303,0.0272727272727,0.00606060606061
2018-11-08,0.030303030303,0.0272727272727,0.00606060606061
2018-11-09,0.0301204819277,0.0271084337349,0.00602409638554
2018-11-10,0.0299401197605,0.0269461077844,0.0059880239521
2018-11-11,0.0298507462687,0.0268656716418,0.00597014925373
2018-11-12,0.0298507462687,0.0268656716418,0.00597014925373
2018-11-13,0.0298507462687,0.0268656716418,0.00597014925373
2018-11-14,0.0298507462687,0.0268656716418,0.00597014925373
2018-11-15,0.0355029585799,0.0236686390533,0.00591715976331
2018-11-16,0.0351906158358,0.0234604105572,0.0058651026393
2018-11-17,0.0346820809249,0.0231213872832,0.00578034682081
2018-11-18,0.0345821325648,0.0230547550432,0.00576368876081
2018-11-19,0.0345821325648,0.0230547550432,0.00576368876081
2018-11-20,0.0345821325648,0.0230547550432,0.00576368876081
2018-11-21,0.0345821325648,0.0230547550432,0.0028818443804
2018-11-22,0.0345821325648,0.0259365994236,0.0028818443804
2018-11-23,0.0343839541547,0.025787965616,0.00286532951289
2018-11-24,0.0343839541547,0.025787965616,0.00286532951289
2018-11-25,0.0340909090909,0.0255681818182,0.00284090909091
2018-11-26,0.0340909090909,0.0255681818182,0.00284090909091
2018-11-27,0.0340909090909,0.0255681818182,0.00284090909091
2018-11-28,0.0340909090909,0.0255681818182,0.00568181818182
2018-11-29,0.0338983050847,0.0225988700565,0.00847457627119
2018-11-30,0.036312849162,0.0195530726257,0.00837988826816
2018-12-01,0.0362116991643,0.0194986072423,0.008356545961
2018-12-02,0.0389972144847,0.016713091922,0.008356545961
2018-12-03,0.0389972144847,0.016713091922,0.0111420612813
2018-12-04,0.0388888888889,0.0166666666667,0.0111111111111
2018-12-05,0.0385674931129,0.0165289256198,0.0110192837466
2018-12-06,0.0382513661202,0.016393442623,0.0109289617486
2018-12-07,0.0386740331492,0.0165745856354,0.0110497237569
2018-12-08,0.0387811634349,0.016620498615,0.01108033241
2018-12-09,0.0384615384615,0.0164835164835,0.010989010989
2018-12-10,0.0384615384615,0.0164835164835,0.010989010989
2018-12-11,0.0384615384615,0.0164835164835,0.010989010989
2018-12-12,0.0383561643836,0.0164383561644,0.00821917808219
2018-12-13,0.0381471389646,0.0190735694823,0.00817438692098
2018-12-14,0.0381471389646,0.0190735694823,0.0108991825613
2018-12-15,0.0380434782609,0.0190217391304,0.0108695652174
2018-12-16,0.0379403794038,0.0216802168022,0.00813008130081
2018-12-17,0.0378378378378,0.0216216216216,0.0108108108108
2018-12-18,0.0378378378378,0.0216216216216,0.00810810810811
2018-12-19,0.0377358490566,0.0215633423181,0.010781671159
2018-12-20,0.0378378378378,0.0216216216216,0.0135135135135
2018-12-21,0.0378378378378,0.0216216216216,0.0162162162162
2018-12-22,0.0378378378378,0.0216216216216,0.0162162162162
2018-12-23,0.0377358490566,0.0242587601078,0.0134770889488
2018-12-24,0.0377358490566,0.0242587601078,0.010781671159
2018-12-25,0.0377358490566,0.0242587601078,0.010781671159
2018-12-26,0.0404312668464,0.0215633423181,0.0161725067385
2018-12-27,0.0401069518717,0.0213903743316,0.0160427807487
2018-12-28,0.0427807486631,0.0187165775401,0.0160427807487
2018-12-29,0.0453333333333,0.0186666666667,0.0133333333333
2018-12-30,0.0452127659574,0.0212765957447,0.0106382978723
2018-12-31,0.0454545454545,0.0213903743316,0.0133689839572
2019-01-01,0.0454545454545,0.0213903743316,0.0133689839572
2019-01-02,0.0454545454545,0.0213903743316,0.0160427807487
2019-01-03,0.0452127659574,0.0212765957447,0.0159574468085
2019-01-04,0.0448548812665,0.023746701847,0.0158311345646
2019-01-05,0.0447368421053,0.0236842105263,0.0157894736842
2019-01-06,0.044502617801,0.0235602094241,0.0157068062827
2019-01-07,0.0438144329897,0.0231958762887,0.0154639175258
2019-01-08,0.0441558441558,0.0285714285714,0.0103896103896
2019-01-09,0.0439276485788,0.0284237726098,0.015503875969
2019-01-10,0.0435897435897,0.0307692307692,0.0128205128205
2019-01-11,0.0461538461538,0.0282051282051,0.0153846153846
2019-01-12,0.0461538461538,0.0282051282051,0.0153846153846
2019-01-13,0.0460358056266,0.0306905370844,0.0127877237852
2019-01-14,0.0461538461538,0.0307692307692,0.0153846153846
2019-01-15,0.0462724935733,0.0334190231362,0.012853470437
2019-01-16,0.0460358056266,0.0332480818414,0.0153452685422
2019-01-17,0.0456852791878,0.0304568527919,0.0177664974619
2019-01-18,0.0455696202532,0.0303797468354,0.0151898734177
2019-01-19,0.0453400503778,0.0327455919395,0.0125944584383
2019-01-20,0.0451127819549,0.0325814536341,0.0125313283208
2019-01-21,0.0451127819549,0.0325814536341,0.0125313283208
2019-01-22,0.0452261306533,0.0326633165829,0.0100502512563
2019-01-23,0.0452261306533,0.0326633165829,0.00753768844221
2019-01-24,0.0451127819549,0.0325814536341,0.00501253132832
2019-01-25,0.0453400503778,0.0327455919395,0.00503778337531
2019-01-26,0.0453400503778,0.0327455919395,0.00503778337531
2019-01-27,0.0452261306533,0.0326633165829,0.00502512562814
2019-01-28,0.0477386934673,0.0301507537688,0.0125628140704
2019-01-29,0.0477386934673,0.0276381909548,0.0150753768844
2019-01-30,0.047619047619,0.0275689223058,0.0125313283208
2019-01-31,0.047619047619,0.0275689223058,0.0125313283208
2019-02-01,0.047619047619,0.0275689223058,0.0125313283208
2019-02-02,0.0475,0.0275,0.0125
2019-02-03,0.047263681592,0.0273631840796,0.0124378109453
2019-02-04,0.047263681592,0.0273631840796,0.0124378109453
2019-02-05,0.047263681592,0.0298507462687,0.0124378109453
2019-02-06,0.047263681592,0.0298507462687,0.00746268656716
2019-02-07,0.047263681592,0.0298507462687,0.00746268656716
2019-02-08,0.0471464019851,0.0322580645161,0.00496277915633
2019-02-09,0.0469135802469,0.0320987654321,0.00493827160494
2019-02-10,0.0467980295567,0.0320197044335,0.00492610837438
2019-02-11,0.046568627451,0.031862745098,0.00245098039216
2019-02-12,0.046568627451,0.031862745098,0.00245098039216
2019-02-13,0.0464547677262,0.0317848410758,0.00244498777506
2019-02-14,0.0462287104623,0.0316301703163,0.00243309002433
2019-02-15,0.0461165048544,0.0339805825243,0.00242718446602
2019-02-16,0.0461165048544,0.0339805825243,0.00242718446602
2019-02-17,0.0461165048544,0.0339805825243,0.00242718446602
2019-02-18,0.046004842615,0.0338983050847,0.00242130750605
2019-02-19,0.0458937198068,0.0314009661836,0.0024154589372
2019-02-20,0.0455635491607,0.031175059952,0.00239808153477
2019-02-21,0.0456730769231,0.03125,0.00240384615385
2019-02-22,0.0456730769231,0.03125,0.00240384615385
2019-02-23,0.0456730769231,0.03125,0.00240384615385
2019-02-24,0.0456730769231,0.03125,0.00240384615385
2019-02-25,0.0456730769231,0.0288461538462,0.00480769230769
2019-02-26,0.0455635491607,0.0287769784173,0.00239808153477
2019-02-27,0.0455635491607,0.031175059952,0.00479616306954
2019-02-28,0.0449172576832,0.0307328605201,0.00472813238771
2019-03-01,0.0443925233645,0.0303738317757,0.00233644859813
2019-03-02,0.044289044289,0.030303030303,0.002331002331
2019-03-03,0.0443925233645,0.0303738317757,0.00233644859813
2019-03-04,0.0441860465116,0.0302325581395,0.0
2019-03-05,0.0439814814815,0.0300925925926,0.00231481481481
2019-03-06,0.0439814814815,0.0300925925926,0.00925925925926
2019-03-07,0.0439814814815,0.0300925925926,0.0115740740741
2019-03-08,0.0439814814815,0.0300925925926,0.0115740740741
2019-03-09,0.0439814814815,0.0300925925926,0.0115740740741
2019-03-10,0.0440835266821,0.030162412993,0.0116009280742
2019-03-11,0.0440835266821,0.030162412993,0.00696055684455
2019-03-12,0.0440835266821,0.030162412993,0.0046403712297
2019-03-13,0.0439814814815,0.0300925925926,0.00925925925926
2019-03-14,0.0439814814815,0.0300925925926,0.0115740740741
2019-03-15,0.0436781609195,0.0298850574713,0.016091954023
2019-03-16,0.0436781609195,0.0344827586207,0.0114942528736
2019-03-17,0.0437788018433,0.0345622119816,0.0115207373272
2019-03-18,0.0436781609195,0.0344827586207,0.0114942528736
2019-03-19,0.0438799076212,0.0346420323326,0.0115473441109
2019-03-20,0.0437788018433,0.0345622119816,0.00921658986175
2019-03-21,0.0434782608696,0.0343249427918,0.0091533180778
2019-03-22,0.0432801822323,0.0341685649203,0.00911161731207
2019-03-23,0.0432801822323,0.0364464692483,0.00683371298405
2019-03-24,0.0432801822323,0.0364464692483,0.00683371298405
2019-03-25,0.0428893905192,0.0338600451467,0.00451467268623
2019-03-26,0.0426966292135,0.038202247191,0.00224719101124
2019-03-27,0.045045045045,0.0382882882883,0.00225225225225
2019-03-28,0.045045045045,0.0382882882883,0.00225225225225
2019-03-29,0.0472972972973,0.036036036036,0.00225225225225
2019-03-30,0.0472972972973,0.036036036036,0.00225225225225
2019-03-31,0.0472972972973,0.036036036036,0.00225225225225
2019-04-01,0.0472972972973,0.036036036036,0.00225225225225
2019-04-02,0.047191011236,0.0359550561798,0.00224719101124
2019-04-03,0.047191011236,0.0337078651685,0.00224719101124
2019-04-04,0.047191011236,0.0314606741573,0.0
2019-04-05,0.047191011236,0.0314606741573,0.00449438202247
2019-04-06,0.0470852017937,0.0313901345291,0.00448430493274
2019-04-07,0.0469798657718,0.0313199105145,0.00447427293065
2019-04-08,0.046875,0.03125,0.00669642857143
2019-04-09,0.0467706013363,0.0311804008909,0.00668151447661
2019-04-10,0.0466666666667,0.0311111111111,0.00888888888889
2019-04-11,0.0462555066079,0.0308370044053,0.011013215859
2019-04-12,0.046357615894,0.0309050772627,0.0132450331126
2019-04-13,0.0484581497797,0.0286343612335,0.0132158590308
2019-04-14,0.0507726269316,0.0264900662252,0.0132450331126
2019-04-15,0.0507726269316,0.0286975717439,0.00662251655629
2019-04-16,0.0506607929515,0.0286343612335,0.00881057268722
2019-04-17,0.0506607929515,0.0286343612335,0.011013215859
2019-04-18,0.0503282275711,0.0306345733042,0.00875273522976
2019-04-19,0.0522875816993,0.0283224400871,0.0130718954248
2019-04-20,0.0522875816993,0.0305010893246,0.0108932461874
2019-04-21,0.0522875816993,0.0305010893246,0.0108932461874
2019-04-22,0.0521739130435,0.0304347826087,0.0130434782609
2019-04-23,0.0544662309368,0.0283224400871,0.0108932461874
2019-04-24,0.054347826087,0.0282608695652,0.0108695652174
2019-04-25,0.0561555075594,0.0259179265659,0.0107991360691
2019-04-26,0.0557939914163,0.0257510729614,0.0107296137339
2019-04-27,0.0555555555556,0.025641025641,0.0106837606838
2019-04-28,0.0575692963753,0.0234541577825,0.0106609808102
2019-04-29,0.0575692963753,0.0255863539446,0.00852878464819
2019-04-30,0.0574468085106,0.0255319148936,0.0063829787234
2019-05-01,0.0574468085106,0.0255319148936,0.00212765957447
2019-05-02,0.0574468085106,0.0255319148936,0.00425531914894
2019-05-03,0.0594479830149,0.0233545647558,0.00636942675159
2019-05-04,0.0595744680851,0.0234042553191,0.0063829787234
2019-05-05,0.0595744680851,0.0234042553191,0.0063829787234
2019-05-06,0.0595744680851,0.0234042553191,0.00851063829787
2019-05-07,0.0594479830149,0.0233545647558,0.00849256900212
2019-05-08,0.0594479830149,0.0233545647558,0.00849256900212
2019-05-09,0.0594479830149,0.0233545647558,0.00636942675159
2019-05-10,0.0594479830149,0.0233545647558,0.00636942675159
2019-05-11,0.0593220338983,0.0233050847458,0.00635593220339
2019-05-12,0.0590717299578,0.0253164556962,0.0042194092827
2019-05-13,0.0589473684211,0.0252631578947,0.00421052631579
2019-05-14,0.0589473684211,0.0252631578947,0.00631578947368
2019-05-15,0.0588235294118,0.0252100840336,0.00420168067227
2019-05-16,0.0587002096436,0.0272536687631,0.0020964360587
2019-05-17,0.0584551148225,0.027139874739,0.0062630480167
2019-05-18,0.0584551148225,0.027139874739,0.0062630480167
2019-05-19,0.0584551148225,0.027139874739,0.0062630480167
2019-05-20,0.0584551148225,0.027139874739,0.0062630480167
2019-05-21,0.0584551148225,0.027139874739,0.00835073068894
2019-05-22,0.0584551148225,0.027139874739,0.0104384133612
2019-05-23,0.0601659751037,0.0248962655602,0.00829875518672
2019-05-24,0.0601659751037,0.0248962655602,0.0103734439834
2019-05-25,0.0601659751037,0.0248962655602,0.0103734439834
2019-05-26,0.0601659751037,0.0248962655602,0.0103734439834
2019-05-27,0.0601659751037,0.0269709543568,0.00829875518672
2019-05-28,0.0599173553719,0.0289256198347,0.00826446280992
2019-05-29,0.0599173553719,0.0289256198347,0.0103305785124
2019-05-30,0.0600414078675,0.0289855072464,0.00828157349896
2019-05-31,0.0619834710744,0.0268595041322,0.00619834710744
2019-06-01,0.0618556701031,0.0288659793814,0.00412371134021
2019-06-02,0.0617283950617,0.0288065843621,0.00411522633745
2019-06-03,0.0616016427105,0.0287474332649,0.0123203285421
2019-06-04,0.0616016427105,0.0308008213552,0.0102669404517
2019-06-05,0.0616016427105,0.0308008213552,0.0102669404517
2019-06-06,0.0613496932515,0.0306748466258,0.00613496932515
2019-06-07,0.0613496932515,0.0286298568507,0.00613496932515
2019-06-08,0.0612244897959,0.0285714285714,0.00612244897959
2019-06-09,0.0612244897959,0.0285714285714,0.00612244897959
2019-06-10,0.0609756097561,0.0264227642276,0.00609756097561
2019-06-11,0.0609756097561,0.0264227642276,0.00609756097561
2019-06-12,0.0608519269777,0.0283975659229,0.00405679513185
2019-06-13,0.0607287449393,0.0263157894737,0.00404858299595
2019-06-14,0.0607287449393,0.0263157894737,0.00607287449393
2019-06-15,0.0604838709677,0.0262096774194,0.00604838709677
2019-06-16,0.0603621730382,0.0261569416499,0.00603621730382
2019-06-17,0.0603621730382,0.0261569416499,0.0120724346076
2019-06-18,0.0604838709677,0.0262096774194,0.0100806451613
2019-06-19,0.0606060606061,0.0282828282828,0.010101010101
2019-06-20,0.0602409638554,0.0281124497992,0.00803212851406
2019-06-21,0.0602409638554,0.0281124497992,0.00803212851406
2019-06-22,0.060120240481,0.0280561122244,0.00801603206413
2019-06-23,0.060120240481,0.0280561122244,0.00801603206413
2019-06-24,0.06,0.028,0.01
2019-06-25,0.06,0.03,0.01
2019-06-26,0.06,0.03,0.004
2019-06-27,0.059880239521,0.0339321357285,0.00199600798403
2019-06-28,0.0636182902584,0.0298210735586,0.00397614314115
2019-06-29,0.0634920634921,0.0297619047619,0.00396825396825
2019-06-30,0.0629921259843,0.0295275590551,0.00393700787402
2019-07-01,0.0629921259843,0.0295275590551,0.00590551181102
2019-07-02,0.0629921259843,0.0295275590551,0.00787401574803
2019-07-03,0.0629921259843,0.0275590551181,0.00787401574803
2019-07-04,0.0629921259843,0.0275590551181,0.00787401574803
2019-07-05,0.0629921259843,0.0275590551181,0.00590551181102
2019-07-06,0.0628683693517,0.0275049115914,0.00589390962672
2019-07-07,0.0648330058939,0.0255402750491,0.00589390962672
2019-07-08,0.0649606299213,0.0255905511811,0.00787401574803
2019-07-09,0.0650887573964,0.025641025641,0.00788954635108
2019-07-10,0.0650887573964,0.0276134122288,0.00788954635108
2019-07-11,0.0650887573964,0.0276134122288,0.00394477317554
2019-07-12,0.0650887573964,0.0276134122288,0.00591715976331
2019-07-13,0.0650887573964,0.0276134122288,0.00591715976331
2019-07-14,0.0649606299213,0.0275590551181,0.00590551181102
2019-07-15,0.0648330058939,0.0294695481336,0.00392927308448
2019-07-16,0.0648330058939,0.0314341846758,0.00196463654224
2019-07-17,0.0647058823529,0.0313725490196,0.00392156862745
2019-07-18,0.0645792563601,0.0313111545988,0.00391389432485
2019-07-19,0.0643274853801,0.0311890838207,0.00779727095517
2019-07-20,0.0643274853801,0.0311890838207,0.00779727095517
2019-07-21,0.0643274853801,0.0311890838207,0.00779727095517
2019-07-22,0.0643274853801,0.0311890838207,0.00584795321637
2019-07-23,0.0643274853801,0.0311890838207,0.00584795321637
2019-07-24,0.0643274853801,0.0311890838207,0.00584795321637
2019-07-25,0.0643274853801,0.0311890838207,0.00584795321637
2019-07-26,0.0642023346304,0.0311284046693,0.00778210116732
2019-07-27,0.0642023346304,0.0330739299611,0.00583657587549
2019-07-28,0.0642023346304,0.0330739299611,0.00583657587549
2019-07-29,0.0642023346304,0.0311284046693,0.00778210116732
2019-07-30,0.0642023346304,0.0330739299611,0.00583657587549
2019-07-31,0.0642023346304,0.0350194552529,0.011673151751
2019-08-01,0.0642023346304,0.0350194552529,0.011673151751
2019-08-02,0.0661478599222,0.0330739299611,0.0194552529183
2019-08-03,0.0660194174757,0.0330097087379,0.0194174757282
2019-08-04,0.0660194174757,0.0330097087379,0.0194174757282
2019-08-05,0.0657640232108,0.0348162475822,0.0154738878143
2019-08-06,0.0657640232108,0.0348162475822,0.0154738878143
2019-08-07,0.0657640232108,0.0348162475822,0.0154738878143
2019-08-08,0.0656370656371,0.0328185328185,0.0173745173745
2019-08-09,0.0656370656371,0.0328185328185,0.019305019305
2019-08-10,0.0656370656371,0.0366795366795,0.015444015444
2019-08-11,0.0656370656371,0.0366795366795,0.015444015444
2019-08-12,0.0656370656371,0.034749034749,0.00965250965251
2019-08-13,0.0675675675676,0.03861003861,0.003861003861
2019-08-14,0.0675675675676,0.03861003861,0.00579150579151
2019-08-15,0.0694980694981,0.034749034749,0.00772200772201
2019-08-16,0.0714285714286,0.0328185328185,0.00965250965251
2019-08-17,0.0714285714286,0.034749034749,0.00772200772201
2019-08-18,0.0712909441233,0.0346820809249,0.00770712909441
2019-08-19,0.0712909441233,0.0346820809249,0.00578034682081
2019-08-20,0.0712909441233,0.0346820809249,0.00578034682081
2019-08-21,0.0712909441233,0.0366088631985,0.00770712909441
2019-08-22,0.0712909441233,0.0366088631985,0.00963391136802
2019-08-23,0.0712909441233,0.0366088631985,0.0115606936416
2019-08-24,0.0712909441233,0.0366088631985,0.0115606936416
2019-08-25,0.0712909441233,0.0385356454721,0.00963391136802
2019-08-26,0.0732177263969,0.0366088631985,0.00385356454721
2019-08-27,0.0732177263969,0.0366088631985,0.0019267822736
2019-08-28,0.0732177263969,0.0346820809249,0.00578034682081
2019-08-29,0.0732177263969,0.0327552986513,0.00578034682081
2019-08-30,0.0751445086705,0.0327552986513,0.00963391136802
2019-08-31,0.0751445086705,0.0366088631985,0.00578034682081
2019-09-01,0.0751445086705,0.0366088631985,0.00578034682081
2019-09-02,0.0751445086705,0.0366088631985,0.00578034682081
2019-09-03,0.0751445086705,0.0366088631985,0.00578034682081
2019-09-04,0.0751445086705,0.0385356454721,0.00385356454721
2019-09-05,0.0751445086705,0.0404624277457,0.00385356454721
2019-09-06,0.0751445086705,0.0404624277457,0.00385356454721
2019-09-07,0.0751445086705,0.0404624277457,0.00385356454721
2019-09-08,0.0751445086705,0.0404624277457,0.00385356454721
2019-09-09,0.0751445086705,0.0404624277457,0.00578034682081
2019-09-10,0.0751445086705,0.0404624277457,0.00578034682081
2019-09-11,0.0770712909441,0.0366088631985,0.00578034682081
2019-09-12,0.0770712909441,0.0366088631985,0.00578034682081
2019-09-13,0.0770712909441,0.0385356454721,0.00578034682081
2019-09-14,0.0770712909441,0.0385356454721,0.00578034682081
2019-09-15,0.0770712909441,0.0385356454721,0.00578034682081
2019-09-16,0.0828516377649,0.0327552986513,0.00385356454721
2019-09-17,0.0828516377649,0.0327552986513,0.00770712909441
2019-09-18,0.0828516377649,0.0346820809249,0.00770712909441
2019-09-19,0.0828516377649,0.0346820809249,0.00578034682081
2019-09-20,0.0828516377649,0.0346820809249,0.00770712909441
2019-09-21,0.0828516377649,0.0346820809249,0.00770712909441
2019-09-22,0.0828516377649,0.0346820809249,0.00770712909441
2019-09-23,0.0828516377649,0.0346820809249,0.00963391136802
2019-09-24,0.0828516377649,0.0346820809249,0.00770712909441
2019-09-25,0.0828516377649,0.0346820809249,0.00578034682081
2019-09-26,0.0828516377649,0.0346820809249,0.00385356454721
2019-09-27,0.0828516377649,0.0346820809249,0.00578034682081
2019-09-28,0.0828516377649,0.0346820809249,0.00578034682081
2019-09-29,0.0828516377649,0.0346820809249,0.00578034682081
2019-09-30,0.0828516377649,0.0346820809249,0.00578034682081
2019-10-01,0.0828516377649,0.0366088631985,0.00385356454721
2019-10-02,0.0828516377649,0.0385356454721,0.00578034682081
2019-10-03,0.0847784200385,0.0346820809249,0.00578034682081
2019-10-04,0.0847784200385,0.0346820809249,0.00770712909441
2019-10-05,0.0847784200385,0.0346820809249,0.00770712909441
2019-10-06,0.0847784200385,0.0346820809249,0.00770712909441
2019-10-07,0.0847784200385,0.0346820809249,0.00578034682081
2019-10-08,0.0867052023121,0.0327552986513,0.00578034682081
2019-10-09,0.0867052023121,0.0327552986513,0.00770712909441
2019-10-10,0.0867052023121,0.0327552986513,0.00385356454721
2019-10-11,0.0886319845857,0.0308285163776,0.00385356454721
2019-10-12,0.0886319845857,0.0308285163776,0.00385356454721
2019-10-13,0.0886319845857,0.0308285163776,0.00385356454721
2019-10-14,0.0886319845857,0.0327552986513,0.0019267822736
2019-10-15,0.0886319845857,0.028901734104,0.0019267822736
2019-10-16,0.0886319845857,0.0308285163776,0.0019267822736
2019-10-17,0.0886319845857,0.0327552986513,0.00385356454721
2019-10-18,0.0886319845857,0.0308285163776,0.00385356454721
2019-10-19,0.0886319845857,0.0308285163776,0.00385356454721
2019-10-20,0.0886319845857,0.0308285163776,0.00385356454721
2019-10-21,0.0886319845857,0.0308285163776,0.00385356454721
2019-10-22,0.0886319845857,0.0308285163776,0.00385356454721
2019-10-23,0.0886319845857,0.0308285163776,0.00385356454721
2019-10-24,0.0886319845857,0.0308285163776,0.00385356454721
2019-10-25,0.0886319845857,0.0308285163776,0.00385356454721
2019-10-26,0.0886319845857,0.0308285163776,0.00385356454721
2019-10-27,0.0886319845857,0.0308285163776,0.00385356454721
2019-10-28,0.0886319845857,0.0308285163776,0.00385356454721
2019-10-29,0.0886319845857,0.0308285163776,0.00385356454721
2019-10-30,0.0886319845857,0.0308285163776,0.00385356454721
2019-10-31,0.0924855491329,0.0269749518304,0.00385356454721
2019-11-01,0.0924855491329,0.0269749518304,0.00385356454721
2019-11-02,0.0924855491329,0.0269749518304,0.00385356454721
2019-11-03,0.0924855491329,0.0269749518304,0.00385356454721
2019-11-04,0.0924855491329,0.0269749518304,0.00385356454721
2019-11-05,0.0924855491329,0.0269749518304,0.00385356454721
2019-11-06,0.0924855491329,0.0269749518304,0.00385356454721
2019-11-07,0.0924855491329,0.0269749518304,0.00385356454721
2019-11-08,0.0924855491329,0.0269749518304,0.00385356454721
2019-11-09,0.0924855491329,0.0269749518304,0.00385356454721
2019-11-10,0.0924855491329,0.028901734104,0.0019267822736
2019-11-11,0.0924855491329,0.028901734104,0.0019267822736
2019-11-12,0.0924855491329,0.028901734104,0.0019267822736
2019-11-13,0.0924855491329,0.028901734104,0.0019267822736
2019-11-14,0.0924855491329,0.028901734104,0.0019267822736
2019-11-15,0.0924855491329,0.028901734104,0.0019267822736
2019-11-16,0.0924855491329,0.028901734104,0.0019267822736
2019-11-17,0.0924855491329,0.028901734104,0.0019267822736
2019-11-18,0.0924855491329,0.028901734104,0.0019267822736
2019-11-19,0.0924855491329,0.0308285163776,0.0019267822736
2019-11-20,0.0924855491329,0.0308285163776,0.0019267822736
2019-11-21,0.0924855491329,0.0308285163776,0.0019267822736
2019-11-22,0.0924855491329,0.0308285163776,0.0019267822736
2019-11-23,0.0924855491329,0.0308285163776,0.0019267822736
2019-11-24,0.0924855491329,0.0308285163776,0.0019267822736
2019-11-25,0.0924855491329,0.0327552986513,0.0019267822736
2019-11-26,0.0924855491329,0.0346820809249,0.0019267822736
2019-11-27,0.0924855491329,0.0346820809249,0.0019267822736
2019-11-28,0.0924855491329,0.0346820809249,0.0019267822736
2019-11-29,0.102119460501,0.0250481695568,0.0019267822736
2019-11-30,0.102119460501,0.0250481695568,0.0019267822736
2019-12-01,0.102119460501,0.0250481695568,0.0019267822736
2019-12-02,0.102119460501,0.0250481695568,0.0019267822736
2019-12-03,0.102119460501,0.0250481695568,0.0019267822736
2019-12-04,0.102119460501,0.0250481695568,0.0019267822736
2019-12-05,0.102119460501,0.0250481695568,0.0019267822736
2019-12-06,0.102119460501,0.0250481695568,0.0019267822736
2019-12-07,0.102119460501,0.0250481695568,0.0019267822736
2019-12-08,0.102119460501,0.0250481695568,0.0019267822736
2019-12-09,0.102119460501,0.0250481695568,0.0019267822736
2019-12-10,0.102119460501,0.0250481695568,0.0019267822736
2019-12-11,0.102119460501,0.0250481695568,0.0019267822736
2019-12-12,0.102119460501,0.0250481695568,0.0019267822736
2019-12-13,0.102119460501,0.0269749518304,0.0019267822736
2019-12-14,0.102119460501,0.0269749518304,0.0019267822736
2019-12-15,0.102119460501,0.0269749518304,0.0019267822736
2019-12-16,0.107899807322,0.0211946050096,0.0019267822736
2019-12-17,0.107899807322,0.0211946050096,0.0019267822736
2019-12-18,0.107899807322,0.0231213872832,0.0019267822736
2019-12-19,0.107899807322,0.0231213872832,0.0019267822736
2019-12-20,0.107899807322,0.0231213872832,0.0019267822736
2019-12-21,0.107899807322,0.0231213872832,0.0019267822736
2019-12-22,0.107899807322,0.0231213872832,0.0019267822736
2019-12-23,0.107899807322,0.0231213872832,0.0019267822736
2019-12-24,0.107899807322,0.0231213872832,0.0019267822736
2019-12-25,0.107899807322,0.0231213872832,0.0019267822736
2019-12-26,0.107899807322,0.0211946050096,0.0019267822736
2019-12-27,0.107899807322,0.019267822736,0.0019267822736
2019-12-28,0.107899807322,0.019267822736,0.0019267822736
2019-12-29,0.107899807322,0.019267822736,0.0019267822736
2019-12-30,0.107899807322,0.019267822736,0.0019267822736
2019-12-31,0.109826589595,0.019267822736,0.0019267822736
2020-01-01,0.109826589595,0.019267822736,0.0019267822736
2020-01-02,0.109826589595,0.019267822736,0.0019267822736
2020-01-03,0.109826589595,0.0211946050096,0.0019267822736
2020-01-04,0.109826589595,0.0211946050096,0.0019267822736
2020-01-05,0.109826589595,0.0211946050096,0.0019267822736
2020-01-06,0.109826589595,0.0211946050096,0.0019267822736
2020-01-07,0.109826589595,0.0211946050096,0.0019267822736
2020-01-08,0.109826589595,0.0211946050096,0.0019267822736
2020-01-09,0.109826589595,0.0211946050096,0.0019267822736
2020-01-10,0.109826589595,0.0231213872832,0.0019267822736
2020-01-11,0.109826589595,0.0231213872832,0.0019267822736
2020-01-12,0.109826589595,0.0231213872832,0.0019267822736
2020-01-13,0.109826589595,0.0231213872832,0.0019267822736
2020-01-14,0.109826589595,0.0231213872832,0.0019267822736
2020-01-15,0.109826589595,0.0231213872832,0.0019267822736
2020-01-16,0.109826589595,0.0231213872832,0.0019267822736
2020-01-17,0.109826589595,0.0231213872832,0.0019267822736
2020-01-18,0.109826589595,0.0231213872832,0.0019267822736
2020-01-19,0.109826589595,0.0231213872832,0.0019267822736
2020-01-20,0.109826589595,0.0231213872832,0.0019267822736
2020-01-21,0.109826589595,0.0231213872832,0.0019267822736
2020-01-22,0.109826589595,0.0231213872832,0.0019267822736
2020-01-23,0.109826589595,0.0231213872832,0.0019267822736
2020-01-24,0.109826589595,0.0231213872832,0.0019267822736
2020-01-25,0.109826589595,0.0231213872832,0.0019267822736
2020-01-26,0.109826589595,0.0250481695568,0.0019267822736
2020-01-27,0.109826589595,0.028901734104,0.0
2020-01-28,0.109826589595,0.0308285163776,0.0
2020-01-29,0.109826589595,0.0327552986513,0.0
2020-01-30,0.109826589595,0.0327552986513,0.0
2020-01-31,0.111753371869,0.0327552986513,0.00385356454721
2020-02-01,0.111753371869,0.0346820809249,0.00385356454721
2020-02-02,0.111753371869,0.0346820809249,0.00385356454721
2020-02-03,0.111753371869,0.0346820809249,0.00385356454721
2020-02-04,0.111753371869,0.0346820809249,0.00385356454721
2020-02-05,0.111753371869,0.0346820809249,0.00385356454721
2020-02-06,0.111753371869,0.0346820809249,0.00385356454721
2020-02-07,0.111753371869,0.0346820809249,0.00385356454721
2020-02-08,0.111753371869,0.0346820809249,0.00385356454721
2020-02-09,0.111753371869,0.0346820809249,0.00385356454721
2020-02-10,0.111753371869,0.0346820809249,0.00385356454721
2020-02-11,0.111753371869,0.0346820809249,0.00385356454721
2020-02-12,0.111753371869,0.0346820809249,0.00385356454721
2020-02-13,0.113680154143,0.0327552986513,0.00385356454721
2020-02-14,0.113680154143,0.0327552986513,0.00385356454721
2020-02-15,0.113680154143,0.0327552986513,0.00385356454721
2020-02-16,0.113680154143,0.0327552986513,0.00385356454721
2020-02-17,0.113680154143,0.0327552986513,0.00385356454721
2020-02-18,0.113680154143,0.0327552986513,0.00385356454721
2020-02-19,0.113680154143,0.0327552986513,0.00385356454721
2020-02-20,0.113680154143,0.0327552986513,0.00385356454721
2020-02-21,0.113680154143,0.0327552986513,0.00385356454721
2020-02-22,0.113680154143,0.0327552986513,0.00385356454721
2020-02-23,0.113680154143,0.0327552986513,0.00385356454721
2020-02-24,0.113680154143,0.0327552986513,0.00385356454721
2020-02-25,0.113680154143,0.0327552986513,0.00385356454721
2020-02-26,0.113680154143,0.0327552986513,0.00385356454721
2020-02-27,0.113680154143,0.0327552986513,0.00385356454721
2020-02-28,0.119460500963,0.0269749518304,0.00385356454721
2020-02-29,0.119460500963,0.0269749518304,0.00385356454721
2020-03-01,0.119460500963,0.028901734104,0.00385356454721
2020-03-02,0.119460500963,0.0308285163776,0.0019267822736
2020-03-03,0.119460500963,0.0308285163776,0.0019267822736
2020-03-04,0.119460500963,0.0308285163776,0.0019267822736
2020-03-05,0.119460500963,0.0308285163776,0.0019267822736
2020-03-06,0.119460500963,0.0308285163776,0.0019267822736
2020-03-07,0.119460500963,0.0308285163776,0.0019267822736
2020-03-08,0.119460500963,0.0308285163776,0.0019267822736
2020-03-09,0.119460500963,0.0327552986513,0.00385356454721
2020-03-10,0.119460500963,0.0327552986513,0.00385356454721
2020-03-11,0.119460500963,0.0346820809249,0.0019267822736
2020-03-12,0.119460500963,0.0346820809249,0.0019267822736
2020-03-13,0.119460500963,0.0346820809249,0.0019267822736
2020-03-14,0.119460500963,0.0346820809249,0.0019267822736
2020-03-15,0.119460500963,0.0385356454721,0.0019267822736
2020-03-16,0.123314065511,0.0346820809249,0.0019267822736
2020-03-17,0.123314065511,0.0346820809249,0.0019267822736
2020-03-18,0.125240847784,0.0366088631985,0.00578034682081
2020-03-19,0.125240847784,0.0346820809249,0.0115606936416
2020-03-20,0.125240847784,0.0346820809249,0.0115606936416
2020-03-21,0.125240847784,0.0346820809249,0.0134874759152
2020-03-22,0.125240847784,0.0346820809249,0.0134874759152
2020-03-23,0.125240847784,0.0346820809249,0.0134874759152
2020-03-24,0.125240847784,0.0346820809249,0.0134874759152
2020-03-25,0.125240847784,0.0346820809249,0.0134874759152
2020-03-26,0.125240847784,0.0346820809249,0.0134874759152
2020-03-27,0.125240847784,0.0346820809249,0.0134874759152
2020-03-28,0.125240847784,0.0346820809249,0.0134874759152
2020-03-29,0.125240847784,0.0346820809249,0.0134874759152
2020-03-30,0.125240847784,0.0346820809249,0.0115606936416
2020-03-31,0.125240847784,0.0346820809249,0.0115606936416
2020-04-01,0.125240847784,0.0346820809249,0.0115606936416
2020-04-02,0.125240847784,0.0346820809249,0.0115606936416
2020-04-03,0.125240847784,0.0346820809249,0.0115606936416
2020-04-04,0.125240847784,0.0327552986513,0.0115606936416
2020-04-05,0.125240847784,0.0327552986513,0.0115606936416
2020-04-06,0.125240847784,0.0327552986513,0.0115606936416
2020-04-07,0.125240847784,0.0327552986513,0.0115606936416
2020-04-08,0.125240847784,0.0327552986513,0.00963391136802
2020-04-09,0.125240847784,0.0327552986513,0.00963391136802
2020-04-10,0.125240847784,0.0327552986513,0.00963391136802
2020-04-11,0.125240847784,0.0327552986513,0.00963391136802
2020-04-12,0.125240847784,0.0327552986513,0.00963391136802
2020-04-13,0.125240847784,0.0327552986513,0.00578034682081
2020-04-14,0.125240847784,0.0327552986513,0.00578034682081
2020-04-15,0.127167630058,0.0308285163776,0.00578034682081
2020-04-16,0.127167630058,0.0308285163776,0.00578034682081
2020-04-17,0.127167630058,0.0308285163776,0.00385356454721
2020-04-18,0.127167630058,0.0308285163776,0.00385356454721
2020-04-19,0.127167630058,0.0308285163776,0.00385356454721
2020-04-20,0.127167630058,0.0308285163776,0.00385356454721
2020-04-21,0.127167630058,0.0308285163776,0.0019267822736
2020-04-22,0.127167630058,0.0308285163776,0.0019267822736
2020-04-23,0.127167630058,0.0308285163776,0.0019267822736
2020-04-24,0.127167630058,0.0308285163776,0.0019267822736
2020-04-25,0.127167630058,0.0308285163776,0.0019267822736
2020-04-26,0.127167630058,0.0308285163776,0.0019267822736
2020-04-27,0.127167630058,0.0308285163776,0.0019267822736
2020-04-28,0.127167630058,0.0308285163776,0.00385356454721
2020-04-29,0.127167630058,0.0327552986513,0.00385356454721
2020-04-30,0.131021194605,0.028901734104,0.00385356454721
2020-05-01,0.131021194605,0.028901734104,0.00385356454721
2020-05-02,0.131021194605,0.028901734104,0.00385356454721
2020-05-03,0.131021194605,0.028901734104,0.00385356454721
2020-05-04,0.131021194605,0.0308285163776,0.0019267822736
2020-05-05,0.131021194605,0.0327552986513,0.0019267822736
2020-05-06,0.131021194605,0.0327552986513,0.0019267822736
2020-05-07,0.131021194605,0.0327552986513,0.00385356454721
2020-05-08,0.131021194605,0.0327552986513,0.00385356454721
2020-05-09,0.131021194605,0.0327552986513,0.00385356454721
2020-05-10,0.132947976879,0.0308285163776,0.00385356454721
2020-05-11,0.132947976879,0.0308285163776,0.00385356454721
2020-05-12,0.132947976879,0.0308285163776,0.00385356454721
2020-05-13,0.132947976879,0.0308285163776,0.0019267822736
2020-05-14,0.132947976879,0.0308285163776,0.0019267822736
2020-05-15,0.134874759152,0.0269749518304,0.00578034682081
2020-05-16,0.134874759152,0.0269749518304,0.00578034682081
2020-05-17,0.134874759152,0.0269749518304,0.00578034682081
2020-05-18,0.134874759152,0.0269749518304,0.00385356454721
2020-05-19,0.134874759152,0.0250481695568,0.00578034682081
2020-05-20,0.134874759152,0.0269749518304,0.00578034682081
2020-05-21,0.134874759152,0.0250481695568,0.00770712909441
2020-05-22,0.134874759152,0.0250481695568,0.00770712909441
2020-05-23,0.134874759152,0.0250481695568,0.00963391136802
2020-05-24,0.134874759152,0.0250481695568,0.00963391136802
2020-05-25,0.136801541426,0.0231213872832,0.00963391136802
2020-05-26,0.136801541426,0.0231213872832,0.00385356454721
2020-05-27,0.136801541426,0.0231213872832,0.00385356454721
2020-05-28,0.136801541426,0.0231213872832,0.00770712909441
2020-05-29,0.136801541426,0.0231213872832,0.0115606936416
2020-05-30,0.136801541426,0.0231213872832,0.0115606936416
2020-05-31,0.136801541426,0.0250481695568,0.00963391136802
2020-06-01,0.136801541426,0.0250481695568,0.00578034682081
2020-06-02,0.136801541426,0.0250481695568,0.00578034682081
2020-06-03,0.136801541426,0.0269749518304,0.00385356454721
2020-06-04,0.138728323699,0.0250481695568,0.00578034682081
2020-06-05,0.138728323699,0.0231213872832,0.00385356454721
2020-06-06,0.138728323699,0.0250481695568,0.0019267822736
2020-06-07,0.138728323699,0.0250481695568,0.0019267822736
2020-06-08,0.138728323699,0.0250481695568,0.0019267822736
2020-06-09,0.140655105973,0.0231213872832,0.00385356454721
2020-06-10,0.140655105973,0.0231213872832,0.00385356454721
2020-06-11,0.140655105973,0.0231213872832,0.00385356454721
2020-06-12,0.140655105973,0.0231213872832,0.0019267822736
2020-06-13,0.140655105973,0.0231213872832,0.0019267822736
2020-06-14,0.140655105973,0.0231213872832,0.0019267822736
2020-06-15,0.140655105973,0.0231213872832,0.0
2020-06-16,0.14450867052,0.0154142581888,0.0019267822736
2020-06-17,0.14450867052,0.0154142581888,0.0019267822736
2020-06-18,0.14450867052,0.0154142581888,0.0019267822736
2020-06-19,0.14450867052,0.0154142581888,0.0019267822736
2020-06-20,0.14450867052,0.0154142581888,0.0019267822736
2020-06-21,0.14450867052,0.0154142581888,0.00385356454721
2020-06-22,0.146435452794,0.0134874759152,0.00385356454721
2020-06-23,0.146435452794,0.0134874759152,0.00578034682081
2020-06-24,0.148362235067,0.0115606936416,0.00578034682081
2020-06-25,0.148362235067,0.0115606936416,0.00578034682081
2020-06-26,0.148362235067,0.0115606936416,0.00770712909441
2020-06-27,0.148362235067,0.0115606936416,0.00770712909441
2020-06-28,0.154142581888,0.00578034682081,0.00770712909441
2020-06-29,0.154142581888,0.00578034682081,0.00770712909441
2020-06-30,0.154142581888,0.00578034682081,0.00770712909441
2020-07-01,0.154142581888,0.00578034682081,0.00770712909441
2020-07-02,0.154142581888,0.00578034682081,0.00770712909441
2020-07-03,0.154142581888,0.00578034682081,0.00770712909441
2020-07-04,0.154142581888,0.00770712909441,0.00578034682081
2020-07-05,0.154142581888,0.00770712909441,0.00770712909441
2020-07-06,0.154142581888,0.00963391136802,0.00578034682081
2020-07-07,0.154142581888,0.00963391136802,0.00578034682081
2020-07-08,0.154142581888,0.00770712909441,0.00385356454721
2020-07-09,0.154142581888,0.00770712909441,0.00578034682081
2020-07-10,0.154142581888,0.00770712909441,0.00385356454721
2020-07-11,0.154142581888,0.00770712909441,0.00385356454721
2020-07-12,0.154142581888,0.00770712909441,0.00385356454721
2020-07-13,0.154142581888,0.00963391136802,0.00385356454721
2020-07-14,0.154142581888,0.00963391136802,0.00578034682081
2020-07-15,0.154142581888,0.00963391136802,0.00385356454721
2020-07-16,0.154142581888,0.00963391136802,0.00385356454721
2020-07-17,0.154142581888,0.00963391136802,0.00385356454721
2020-07-18,0.154142581888,0.00963391136802,0.00385356454721
2020-07-19,0.154142581888,0.00963391136802,0.00385356454721
2020-07-20,0.154142581888,0.00963391136802,0.00578034682081
2020-07-21,0.154142581888,0.00963391136802,0.00578034682081
2020-07-22,0.154142581888,0.0115606936416,0.00578034682081
2020-07-23,0.154142581888,0.0115606936416,0.00578034682081
2020-07-24,0.154142581888,0.00963391136802,0.00578034682081
2020-07-25,0.154142581888,0.00963391136802,0.00578034682081
2020-07-26,0.154142581888,0.00963391136802,0.00578034682081
2020-07-27,0.154142581888,0.00963391136802,0.00385356454721
2020-07-28,0.157996146435,0.00385356454721,0.00770712909441
2020-07-29,0.157996146435,0.00578034682081,0.00770712909441
2020-07-30,0.157996146435,0.00770712909441,0.00770712909441
2020-07-31,0.157996146435,0.00770712909441,0.00770712909441
2020-08-01,0.157996146435,0.00770712909441,0.00963391136802
2020-08-02,0.157996146435,0.00770712909441,0.00963391136802
2020-08-03,0.157996146435,0.00963391136802,0.00578034682081
2020-08-04,0.157996146435,0.00770712909441,0.00578034682081
2020-08-05,0.157996146435,0.00770712909441,0.00770712909441
2020-08-06,0.157996146435,0.00770712909441,0.00770712909441
2020-08-07,0.157996146435,0.00578034682081,0.00770712909441
2020-08-08,0.157996146435,0.00578034682081,0.00770712909441
2020-08-09,0.157996146435,0.00578034682081,0.00963391136802
2020-08-10,0.157996146435,0.00578034682081,0.00963391136802
2020-08-11,0.157996146435,0.00578034682081,0.00963391136802
2020-08-12,0.157996146435,0.00963391136802,0.00770712909441
2020-08-13,0.157996146435,0.00963391136802,0.00963391136802
2020-08-14,0.157996146435,0.00963391136802,0.00770712909441
2020-08-15,0.157996146435,0.0115606936416,0.00578034682081
2020-08-16,0.157996146435,0.0115606936416,0.00578034682081
2020-08-17,0.157996146435,0.0115606936416,0.00770712909441
2020-08-18,0.157996146435,0.0115606936416,0.0134874759152
2020-08-19,0.157996146435,0.0115606936416,0.0154142581888
2020-08-20,0.157996146435,0.0115606936416,0.0134874759152
2020-08-21,0.157996146435,0.00770712909441,0.0154142581888
2020-08-22,0.157996146435,0.00770712909441,0.0173410404624
2020-08-23,0.157996146435,0.00770712909441,0.0173410404624
2020-08-24,0.157996146435,0.00770712909441,0.0134874759152
2020-08-25,0.157996146435,0.00770712909441,0.0154142581888
2020-08-26,0.157996146435,0.00770712909441,0.0173410404624
2020-08-27,0.157996146435,0.00770712909441,0.0173410404624
2020-08-28,0.157996146435,0.00963391136802,0.0154142581888
2020-08-29,0.157996146435,0.0115606936416,0.0134874759152
2020-08-30,0.157996146435,0.0115606936416,0.0134874759152
2020-08-31,0.159922928709,0.00963391136802,0.0115606936416
2020-09-01,0.159922928709,0.00963391136802,0.00963391136802
2020-09-02,0.159922928709,0.0115606936416,0.00963391136802
2020-09-03,0.159922928709,0.0134874759152,0.00770712909441
2020-09-04,0.159922928709,0.0134874759152,0.00770712909441
2020-09-05,0.159922928709,0.0134874759152,0.00578034682081
2020-09-06,0.159922928709,0.0154142581888,0.00385356454721
2020-09-07,0.159922928709,0.0154142581888,0.00385356454721
2020-09-08,0.159922928709,0.0134874759152,0.00578034682081
2020-09-09,0.159922928709,0.0134874759152,0.00770712909441
2020-09-10,0.159922928709,0.0134874759152,0.00578034682081
2020-09-11,0.159922928709,0.0134874759152,0.00578034682081
2020-09-12,0.159922928709,0.0154142581888,0.0019267822736
2020-09-13,0.161849710983,0.0134874759152,0.0019267822736
2020-09-14,0.161849710983,0.0134874759152,0.0019267822736
2020-09-15,0.163776493256,0.0115606936416,0.0019267822736
2020-09-16,0.163776493256,0.0134874759152,0.00385356454721
2020-09-17,0.163776493256,0.0134874759152,0.00770712909441
2020-09-18,0.163776493256,0.0115606936416,0.00963391136802
2020-09-19,0.163776493256,0.0115606936416,0.00963391136802
2020-09-20,0.163776493256,0.0115606936416,0.00963391136802
2020-09-21,0.163776493256,0.0115606936416,0.0115606936416
2020-09-22,0.163776493256,0.0115606936416,0.0115606936416
2020-09-23,0.163776493256,0.0134874759152,0.0115606936416
2020-09-24,0.163776493256,0.0115606936416,0.00963391136802
2020-09-25,0.163776493256,0.0115606936416,0.00963391136802
2020-09-26,0.163776493256,0.00963391136802,0.0115606936416
2020-09-27,0.163776493256,0.00963391136802,0.0115606936416
2020-09-28,0.163776493256,0.00963391136802,0.0134874759152
2020-09-29,0.163776493256,0.00963391136802,0.0134874759152
2020-09-30,0.163776493256,0.00963391136802,0.00963391136802
2020-10-01,0.163776493256,0.0115606936416,0.00963391136802
2020-10-02,0.163776493256,0.0115606936416,0.00770712909441
2020-10-03,0.163776493256,0.0115606936416,0.00770712909441
2020-10-04,0.163776493256,0.0134874759152,0.00578034682081
2020-10-05,0.163776493256,0.0134874759152,0.00578034682081
2020-10-06,0.163776493256,0.0134874759152,0.00578034682081
2020-10-07,0.163776493256,0.0134874759152,0.00578034682081
2020-10-08,0.163776493256,0.0134874759152,0.00770712909441
2020-10-09,0.163776493256,0.0134874759152,0.00963391136802
2020-10-10,0.163776493256,0.0134874759152,0.00963391136802
2020-10-11,0.163776493256,0.0134874759152,0.00963391136802
2020-10-12,0.163776493256,0.0134874759152,0.00770712909441
2020-10-13,0.163776493256,0.0134874759152,0.00578034682081
2020-10-14,0.163776493256,0.0134874759152,0.00578034682081
2020-10-15,0.163776493256,0.0173410404624,0.00385356454721
2020-10-16,0.163776493256,0.0173410404624,0.00385356454721
2020-10-17,0.163776493256,0.0173410404624,0.00385356454721
2020-10-18,0.163776493256,0.0173410404624,0.00385356454721
2020-10-19,0.163776493256,0.0134874759152,0.00578034682081
2020-10-20,0.163776493256,0.0134874759152,0.00385356454721
2020-10-21,0.163776493256,0.0134874759152,0.00578034682081
2020-10-22,0.163776493256,0.0134874759152,0.00770712909441
2020-10-23,0.163776493256,0.0134874759152,0.00770712909441
2020-10-24,0.163776493256,0.0134874759152,0.00578034682081
2020-10-25,0.163776493256,0.0134874759152,0.00578034682081
2020-10-26,0.163776493256,0.0134874759152,0.00578034682081
2020-10-27,0.163776493256,0.0134874759152,0.00578034682081
2020-10-28,0.163776493256,0.0134874759152,0.00578034682081
2020-10-29,0.163776493256,0.0115606936416,0.00963391136802
2020-10-30,0.16570327553,0.00963391136802,0.00963391136802
2020-10-31,0.16570327553,0.00578034682081,0.0154142581888
2020-11-01,0.16570327553,0.00578034682081,0.0154142581888
